order_id,order_date,region,category,units,unit_price,revenue
381,2023-01-02,East,Clothing,6,430.48,2582.88
773,2023-01-02,East,Electronics,9,156.21,1405.89
104,2023-01-03,West,Electronics,3,320.92,962.76
465,2023-01-03,North,Clothing,2,214.71,429.42
575,2023-01-03,West,Electronics,1,179.21,179.21
707,2023-01-03,West,Furniture,17,263.25,4475.25
303,2023-01-04,West,Clothing,5,425.15,2125.75
790,2023-01-05,North,Groceries,16,40.57,649.12
410,2023-01-06,West,Clothing,4,345.33,1381.32
478,2023-01-07,West,Furniture,18,97.31,21018.96
415,2023-01-07,North,Clothing,4,210.11,840.44
300,2023-01-08,South,Furniture,3,32.19,96.57
233,2023-01-08,East,Clothing,18,228.04,4104.72
540,2023-01-08,South,Furniture,4,422.91,1691.64
272,2023-01-09,North,Electronics,17,222.71,3786.07
170,2023-01-09,North,Electronics,18,414.49,7460.82
369,2023-01-09,West,Groceries,10,238.87,2388.7
429,2023-01-10,North,Clothing,12,267.57,3210.84
454,2023-01-10,West,Groceries,2,422.11,844.22
138,2023-01-12,North,Electronics,10,111.88,1118.8
385,2023-01-12,South,Clothing,18,311.24,5602.32
787,2023-01-12,West,Groceries,15,493.66,7404.9
663,2023-01-13,North,Electronics,8,231.9,1855.2
147,2023-01-13,West,Groceries,16,373.28,5972.48
117,2023-01-14,East,Clothing,14,171.74,2404.36
328,2023-01-14,East,Electronics,1,357.15,357.15
250,2023-01-16,North,Electronics,7,381.02,2667.14
562,2023-01-16,North,Electronics,9,136.28,1226.52
56,2023-01-16,West,Electronics,10,204.01,2040.1
352,2023-01-17,East,Clothing,2,10.97,21.94
397,2023-01-17,East,Clothing,17,146.14,2484.38
574,2023-01-18,South,Groceries,19,80.14,1522.66
584,2023-01-19,West,Clothing,16,75.34,1205.44
699,2023-01-19,South,Electronics,4,7.4,29.6
546,2023-01-20,West,Furniture,3,464.97,1394.91
542,2023-01-21,North,Groceries,18,220.0,3960.0
150,2023-01-22,South,Clothing,3,227.52,682.56
619,2023-01-23,West,Furniture,12,474.01,5688.12
279,2023-01-24,South,Clothing,12,275.91,3310.92
36,2023-01-24,West,Clothing,11,208.86,2297.46
518,2023-01-25,East,Clothing,18,24.58,442.44
387,2023-01-25,North,Groceries,6,132.66,795.96
45,2023-01-25,North,Electronics,12,96.76,1161.12
659,2023-01-27,South,Electronics,8,34.07,272.56
69,2023-01-28,South,Clothing,1,30.02,30.02
127,2023-01-29,East,Groceries,9,177.4,1596.6
217,2023-01-29,South,Electronics,19,381.41,7246.79
439,2023-01-30,South,Groceries,5,302.68,1513.4
431,2023-01-31,West,Clothing,18,15.81,284.58
246,2023-01-31,North,Clothing,1,315.19,315.19
678,2023-01-31,South,Electronics,16,112.05,1792.8
280,2023-01-31,West,Electronics,8,282.58,2260.64
7,2023-02-01,East,Electronics,8,482.44,3859.52
753,2023-02-01,East,Clothing,4,121.18,484.72
196,2023-02-01,East,Electronics,4,151.03,604.12
1,2023-02-02,North,Furniture,1,457.08,457.08
695,2023-02-02,South,Clothing,18,153.07,2755.26
172,2023-02-02,South,Furniture,18,388.34,6990.12
728,2023-02-02,North,Electronics,18,103.07,1855.26
133,2023-02-03,South,Clothing,18,376.1,6769.8
33,2023-02-03,South,Electronics,4,322.91,1291.64
359,2023-02-03,South,Clothing,7,425.65,2979.55
581,2023-02-04,West,Clothing,14,393.44,5508.16
376,2023-02-04,South,Electronics,6,113.69,682.14
243,2023-02-04,South,Groceries,4,81.37,325.48
700,2023-02-04,West,Groceries,6,366.1,2196.6
674,2023-02-04,North,Furniture,15,422.02,6330.3
791,2023-02-04,East,Furniture,1,298.11,298.11
10,2023-02-04,West,Electronics,1,219.1,219.1
218,2023-02-05,South,Furniture,1,238.92,238.92
87,2023-02-05,North,Furniture,5,253.92,1269.6
588,2023-02-06,South,Furniture,15,294.16,4412.4
258,2023-02-07,West,Clothing,6,147.01,882.06
580,2023-02-07,East,Furniture,10,485.04,4850.4
171,2023-02-08,South,Furniture,16,292.22,4675.52
460,2023-02-08,West,Furniture,9,30.6,275.4
516,2023-02-08,South,Electronics,9,464.2,4177.8
583,2023-02-08,South,Clothing,16,419.88,6718.08
322,2023-02-09,North,Clothing,13,153.63,1997.19
480,2023-02-09,West,Electronics,19,20.38,387.22
310,2023-02-09,North,Groceries,17,447.06,7600.02
501,2023-02-11,West,Groceries,10,374.82,3748.2
120,2023-02-11,East,Clothing,19,415.65,7897.35
538,2023-02-12,South,Electronics,14,388.1,5433.4
726,2023-02-12,North,Groceries,17,493.08,8382.36
365,2023-02-12,East,Groceries,4,371.19,1484.76
724,2023-02-13,North,Clothing,12,44.74,536.88
778,2023-02-13,West,Electronics,6,303.05,1818.3
497,2023-02-13,South,Groceries,13,24.29,315.77
198,2023-02-13,South,Electronics,14,148.47,2078.58
313,2023-02-13,North,Electronics,18,452.43,8143.74
386,2023-02-14,South,Groceries,3,463.7,1391.1
783,2023-02-14,East,Groceries,15,79.55,1193.25
418,2023-02-14,East,Clothing,17,20.86,354.62
784,2023-02-14,South,Furniture,2,9.27,18.54
436,2023-02-15,South,Groceries,11,392.5,4317.5
221,2023-02-16,North,Furniture,17,464.35,7893.95
18,2023-02-16,North,Clothing,5,287.73,1438.65
759,2023-02-16,West,Clothing,13,494.6,6429.8
157,2023-02-16,South,Furniture,16,74.81,1196.96
74,2023-02-17,North,Groceries,4,68.51,274.04
705,2023-02-17,East,Groceries,14,220.89,3092.46
434,2023-02-17,East,Clothing,11,213.53,2348.83
443,2023-02-18,West,Clothing,15,318.02,4770.3
670,2023-02-18,North,Groceries,2,435.33,870.66
414,2023-02-18,West,Groceries,19,223.33,4243.27
604,2023-02-19,South,Furniture,19,97.06,1844.14
721,2023-02-20,West,Electronics,12,21.13,253.56
682,2023-02-20,North,Furniture,16,98.11,1569.76
118,2023-02-21,West,Furniture,10,305.15,3051.5
100,2023-02-21,East,Groceries,18,362.31,6521.58
620,2023-02-21,South,Electronics,15,160.79,2411.85
241,2023-02-21,East,Furniture,5,20.91,104.55
769,2023-02-21,West,Electronics,16,186.46,2983.36
462,2023-02-21,West,Clothing,18,136.58,2458.44
329,2023-02-21,East,Electronics,12,14.13,169.56
306,2023-02-21,North,Electronics,6,225.12,1350.72
256,2023-02-22,West,Groceries,11,499.42,5493.62
528,2023-02-22,North,Clothing,7,167.32,1171.24
408,2023-02-22,East,Electronics,6,75.11,450.66
752,2023-02-23,West,Groceries,5,427.55,2137.75
522,2023-02-23,South,Groceries,15,21.24,318.6
457,2023-02-24,North,Clothing,11,489.13,5380.43
182,2023-02-25,East,Furniture,9,399.3,3593.7
273,2023-02-25,West,Clothing,17,492.88,8378.96
357,2023-02-25,North,Clothing,17,277.41,4715.97
390,2023-02-25,North,Groceries,16,79.55,1272.8
536,2023-02-26,West,Clothing,5,268.25,1341.25
533,2023-02-26,South,Clothing,4,495.45,1981.8
58,2023-02-26,North,Groceries,18,424.1,7633.8
750,2023-02-27,North,Clothing,3,16.76,50.28
83,2023-02-28,South,Electronics,4,375.93,1503.72
178,2023-02-28,East,Electronics,9,226.46,24457.68
287,2023-02-28,West,Clothing,5,67.98,339.9
467,2023-03-02,North,Clothing,6,253.69,1522.14
168,2023-03-02,South,Furniture,13,41.66,541.58
623,2023-03-02,East,Electronics,8,211.0,1688.0
41,2023-03-02,South,Clothing,7,378.51,2649.57
187,2023-03-02,East,Electronics,8,168.45,1347.6
532,2023-03-02,East,Groceries,13,379.54,4934.02
350,2023-03-02,West,Furniture,19,462.86,8794.34
703,2023-03-03,North,Clothing,1,238.46,238.46
685,2023-03-03,South,Clothing,7,106.16,743.12
262,2023-03-04,East,Furniture,15,496.79,7451.85
704,2023-03-04,South,Groceries,9,245.59,2210.31
259,2023-03-05,South,Clothing,13,128.96,1676.48
411,2023-03-05,East,Furniture,10,28.45,284.5
544,2023-03-05,East,Clothing,4,404.17,1616.68
230,2023-03-06,South,Groceries,1,249.29,249.29
661,2023-03-06,West,Electronics,5,350.67,1753.35
761,2023-03-06,South,Clothing,3,416.2,1248.6
251,2023-03-07,East,Electronics,17,119.19,2026.23
392,2023-03-07,South,Furniture,3,338.73,1016.19
349,2023-03-07,East,Electronics,8,13.84,110.72
564,2023-03-08,North,Groceries,2,215.43,430.86
635,2023-03-08,South,Clothing,2,375.51,751.02
469,2023-03-08,West,Furniture,17,133.12,2263.04
23,2023-03-08,North,Groceries,2,405.92,811.84
253,2023-03-10,East,Furniture,19,252.6,4799.4
72,2023-03-11,North,Clothing,2,311.36,622.72
523,2023-03-12,East,Clothing,3,143.28,429.84
543,2023-03-13,North,Groceries,15,384.6,5769.0
52,2023-03-13,West,Electronics,17,140.7,2391.9
398,2023-03-13,West,Groceries,11,170.85,1879.35
102,2023-03-14,North,Electronics,2,492.17,984.34
426,2023-03-14,West,Furniture,17,200.07,3401.19
339,2023-03-15,East,Groceries,10,126.56,1265.6
224,2023-03-15,West,Groceries,18,302.99,5453.82
9,2023-03-15,South,Electronics,9,217.83,1960.47
664,2023-03-15,North,Clothing,3,50.93,152.79
653,2023-03-15,North,Electronics,15,192.54,2888.1
735,2023-03-18,West,Clothing,14,217.05,3038.7
142,2023-03-20,South,Clothing,19,119.22,2265.18
363,2023-03-23,West,Electronics,7,288.06,2016.42
78,2023-03-24,East,Furniture,4,223.41,893.64
32,2023-03-24,North,Groceries,10,431.6,4316.0
412,2023-03-25,West,Furniture,6,146.86,881.16
567,2023-03-25,South,Furniture,5,447.4,2237.0
326,2023-03-26,West,Electronics,12,27.75,333.0
486,2023-03-26,North,Clothing,3,135.42,406.26
626,2023-03-26,West,Clothing,12,130.39,1564.68
637,2023-03-27,South,Electronics,16,72.55,1160.8
148,2023-03-27,North,Furniture,12,268.15,3217.8
566,2023-03-28,North,Groceries,12,138.82,1665.84
327,2023-03-28,West,Furniture,3,179.35,538.05
719,2023-03-28,South,Groceries,1,250.66,250.66
510,2023-03-28,West,Furniture,7,85.61,599.27
384,2023-03-29,South,Groceries,16,124.64,1994.24
97,2023-03-29,East,Furniture,16,98.32,1573.12
189,2023-03-29,North,Furniture,19,428.92,8149.48
593,2023-03-29,West,Furniture,4,361.92,1447.68
315,2023-03-31,North,Furniture,10,79.27,792.7
119,2023-03-31,South,Furniture,3,330.95,992.85
508,2023-04-01,North,Electronics,19,496.44,9432.36
483,2023-04-02,South,Furniture,11,341.62,3757.82
568,2023-04-02,South,Groceries,5,215.86,1079.3
617,2023-04-02,East,Furniture,11,61.44,675.84
696,2023-04-03,South,Groceries,15,24.56,368.4
346,2023-04-04,South,Electronics,8,463.21,3705.68
380,2023-04-06,North,Groceries,1,111.55,111.55
211,2023-04-06,South,Electronics,19,115.07,2186.33
209,2023-04-07,East,Electronics,10,207.47,2074.7
618,2023-04-08,South,Groceries,5,465.17,2325.85
292,2023-04-08,South,Electronics,12,380.87,4570.44
206,2023-04-08,West,Electronics,15,342.88,5143.2
779,2023-04-09,North,Groceries,5,71.22,356.1
509,2023-04-09,South,Furniture,3,174.06,522.18
744,2023-04-09,East,Clothing,11,147.59,1623.49
216,2023-04-10,West,Electronics,13,275.17,3577.21
143,2023-04-11,West,Furniture,19,18.46,350.74
505,2023-04-11,East,Groceries,13,305.23,3967.99
281,2023-04-11,West,Furniture,3,255.22,765.66
39,2023-04-12,North,Electronics,17,126.71,2154.07
413,2023-04-12,South,Electronics,4,74.19,296.76
111,2023-04-12,West,Furniture,4,394.96,1579.84
314,2023-04-13,South,Groceries,10,277.0,2770.0
399,2023-04-13,West,Furniture,14,423.62,5930.68
152,2023-04-13,South,Groceries,7,104.76,733.32
573,2023-04-14,South,Groceries,12,253.83,3045.96
299,2023-04-14,North,Clothing,3,37.15,111.45
534,2023-04-14,West,Furniture,9,464.62,4181.58
450,2023-04-15,West,Clothing,7,171.46,1200.22
96,2023-04-16,East,Clothing,4,263.93,1055.72
481,2023-04-16,East,Groceries,1,198.96,198.96
495,2023-04-16,West,Electronics,5,450.55,2252.75
660,2023-04-16,East,Groceries,6,217.4,1304.4
342,2023-04-17,South,Furniture,2,230.17,460.34
796,2023-04-18,North,Clothing,4,495.67,1982.68
154,2023-04-18,South,Furniture,4,406.82,1627.28
271,2023-04-18,East,Electronics,16,155.09,2481.44
638,2023-04-19,East,Furniture,3,163.48,490.44
419,2023-04-19,West,Clothing,3,309.12,927.36
353,2023-04-20,South,Electronics,12,382.69,4592.28
263,2023-04-20,North,Groceries,3,495.19,1485.57
442,2023-04-20,West,Groceries,14,394.84,5527.76
136,2023-04-21,West,Groceries,19,374.3,7111.7
307,2023-04-21,North,Furniture,14,224.21,3138.94
190,2023-04-21,West,Groceries,7,43.48,304.36
226,2023-04-22,North,Groceries,12,40.57,486.84
239,2023-04-23,South,Electronics,3,385.78,1157.34
526,2023-04-24,North,Furniture,4,195.66,782.64
333,2023-04-24,West,Groceries,18,389.44,7009.92
400,2023-04-24,East,Furniture,8,262.44,2099.52
88,2023-04-25,North,Furniture,2,255.11,510.22
749,2023-04-25,South,Electronics,19,49.02,931.38
748,2023-04-25,West,Groceries,16,418.59,6697.44
447,2023-04-25,West,Furniture,17,225.24,3829.08
368,2023-04-26,South,Furniture,19,425.24,8079.56
338,2023-04-26,South,Clothing,4,303.69,1214.76
799,2023-04-26,West,Furniture,19,66.34,1260.46
309,2023-04-26,West,Electronics,14,402.36,5633.04
554,2023-04-27,West,Clothing,9,400.62,43266.96
403,2023-04-27,West,Furniture,19,476.72,9057.68
525,2023-04-27,West,Clothing,9,192.42,1731.78
321,2023-04-28,North,Furniture,12,249.56,2994.72
607,2023-04-28,South,Electronics,12,360.44,4325.28
595,2023-04-28,North,Clothing,15,300.94,4514.1
167,2023-04-28,East,Clothing,16,494.96,7919.36
66,2023-04-29,East,Furniture,4,426.24,1704.96
632,2023-04-30,North,Electronics,6,329.45,1976.7
646,2023-04-30,North,Groceries,17,102.49,1742.33
77,2023-05-01,East,Electronics,10,365.55,3655.5
254,2023-05-01,West,Electronics,8,379.27,3034.16
487,2023-05-02,West,Clothing,18,180.83,3254.94
294,2023-05-02,South,Clothing,9,15.47,139.23
738,2023-05-02,North,Groceries,10,187.94,1879.4
169,2023-05-03,West,Electronics,8,70.61,564.88
371,2023-05-03,East,Groceries,13,159.55,2074.15
199,2023-05-04,West,Furniture,19,279.37,5308.03
627,2023-05-04,East,Groceries,3,354.11,1062.33
197,2023-05-06,East,Groceries,10,286.57,2865.7
268,2023-05-07,East,Groceries,19,105.91,2012.29
139,2023-05-07,South,Electronics,11,267.99,2947.89
44,2023-05-10,North,Clothing,5,104.28,521.4
521,2023-05-11,North,Groceries,7,140.58,984.06
765,2023-05-12,East,Groceries,3,334.28,1002.84
746,2023-05-13,East,Furniture,11,37.87,416.57
53,2023-05-13,West,Electronics,2,131.09,262.18
301,2023-05-13,South,Clothing,17,292.96,4980.32
194,2023-05-13,South,Furniture,2,346.01,692.02
630,2023-05-14,West,Groceries,17,328.6,5586.2
201,2023-05-14,West,Electronics,17,307.12,5221.04
63,2023-05-14,North,Electronics,10,392.54,3925.4
628,2023-05-15,West,Groceries,15,38.24,573.6
393,2023-05-15,North,Furniture,14,173.17,2424.38
332,2023-05-16,East,Furniture,10,307.15,3071.5
22,2023-05-16,East,Electronics,15,261.86,3927.9
68,2023-05-16,West,Clothing,13,117.69,1529.97
498,2023-05-17,East,Groceries,12,249.83,2997.96
374,2023-05-17,North,Furniture,14,187.65,2627.1
576,2023-05-17,West,Groceries,9,285.07,2565.63
770,2023-05-18,West,Electronics,12,263.11,3157.32
634,2023-05-19,East,Electronics,3,475.18,17106.48
379,2023-05-19,South,Electronics,8,368.4,2947.2
188,2023-05-20,South,Electronics,7,344.59,2412.13
758,2023-05-20,West,Electronics,19,252.83,4803.77
614,2023-05-21,West,Electronics,14,243.78,3412.92
94,2023-05-22,West,Furniture,12,369.58,4434.96
552,2023-05-24,South,Furniture,10,21.92,219.2
440,2023-05-26,North,Furniture,19,383.1,7278.9
27,2023-05-27,East,Clothing,3,188.91,566.73
585,2023-05-28,South,Clothing,14,265.6,3718.4
164,2023-05-29,North,Clothing,8,49.55,396.4
687,2023-05-29,North,Groceries,4,444.57,1778.28
373,2023-05-30,South,Clothing,4,367.9,1471.6
163,2023-05-30,West,Electronics,13,109.83,1427.79
65,2023-05-30,West,Clothing,9,459.11,4131.99
144,2023-05-30,South,Electronics,8,479.47,3835.76
496,2023-05-31,East,Groceries,11,174.61,1920.71
248,2023-06-01,East,Clothing,15,322.57,4838.55
572,2023-06-01,South,Clothing,1,132.4,132.4
165,2023-06-02,West,Clothing,9,64.45,580.05
464,2023-06-02,West,Clothing,12,49.9,598.8
275,2023-06-02,South,Furniture,18,453.52,8163.36
425,2023-06-02,South,Electronics,12,230.99,2771.88
732,2023-06-02,North,Groceries,9,191.48,1723.32
624,2023-06-02,East,Furniture,4,99.07,396.28
777,2023-06-04,East,Groceries,12,436.69,5240.28
500,2023-06-05,North,Electronics,4,123.04,492.16
547,2023-06-06,West,Electronics,12,51.7,620.4
795,2023-06-07,East,Furniture,15,299.62,4494.3
238,2023-06-07,North,Furniture,15,218.81,3282.15
473,2023-06-07,West,Furniture,16,143.35,2293.6
91,2023-06-08,North,Groceries,7,394.51,2761.57
407,2023-06-08,East,Furniture,6,247.19,1483.14
633,2023-06-08,North,Groceries,11,51.54,566.94
5,2023-06-08,East,Electronics,8,121.45,971.6
155,2023-06-08,West,Clothing,19,178.03,3382.57
621,2023-06-08,West,Groceries,7,180.81,1265.67
354,2023-06-08,West,Furniture,13,485.25,6308.25
435,2023-06-08,East,Groceries,8,54.64,437.12
82,2023-06-09,West,Electronics,17,411.15,6989.55
756,2023-06-09,North,Furniture,17,398.79,6779.43
140,2023-06-09,East,Electronics,10,390.74,3907.4
4,2023-06-10,West,Furniture,11,408.16,4489.76
298,2023-06-10,West,Groceries,8,141.14,1129.12
121,2023-06-10,West,Electronics,9,17.1,153.9
800,2023-06-11,East,Clothing,6,279.85,1679.1
30,2023-06-11,North,Electronics,6,207.97,1247.82
285,2023-06-11,North,Clothing,10,170.11,1701.1
689,2023-06-12,North,Groceries,5,103.9,519.5
47,2023-06-12,North,Furniture,15,148.27,2224.05
186,2023-06-12,East,Electronics,11,421.82,4640.02
219,2023-06-13,North,Electronics,13,252.1,3277.3
267,2023-06-13,West,Electronics,5,466.8,2334.0
214,2023-06-14,South,Furniture,12,122.35,1468.2
31,2023-06-14,North,Clothing,3,242.31,726.93
20,2023-06-14,West,Groceries,8,24.13,193.04
506,2023-06-15,East,Furniture,17,356.63,6062.71
792,2023-06-15,South,Electronics,13,379.26,4930.38
222,2023-06-16,North,Groceries,8,248.45,1987.6
205,2023-06-16,North,Electronics,15,339.0,5085.0
537,2023-06-16,East,Clothing,15,160.72,2410.8
335,2023-06-17,East,Electronics,9,357.29,3215.61
114,2023-06-17,West,Clothing,15,442.35,6635.25
798,2023-06-17,East,Furniture,16,98.8,1580.8
485,2023-06-18,South,Electronics,7,339.03,2373.21
73,2023-06-18,North,Furniture,8,381.18,3049.44
612,2023-06-18,East,Groceries,10,230.4,2304.0
647,2023-06-18,West,Clothing,14,134.64,1884.96
176,2023-06-18,North,Electronics,7,263.45,1844.15
231,2023-06-19,South,Furniture,18,236.82,4262.76
474,2023-06-20,East,Furniture,5,428.46,2142.3
277,2023-06-20,East,Electronics,19,138.22,2626.18
54,2023-06-20,North,Clothing,9,71.84,646.56
710,2023-06-20,East,Clothing,5,449.57,2247.85
124,2023-06-21,North,Clothing,8,283.94,2271.52
70,2023-06-21,North,Clothing,5,434.37,2171.85
367,2023-06-21,North,Furniture,8,366.24,2929.92
109,2023-06-22,South,Electronics,8,438.39,3507.12
290,2023-06-22,North,Furniture,19,225.91,4292.29
519,2023-06-23,South,Clothing,17,58.58,995.86
76,2023-06-23,East,Groceries,9,469.56,4226.04
709,2023-06-23,West,Furniture,18,301.09,5419.62
768,2023-06-24,East,Electronics,6,212.19,1273.14
622,2023-06-24,West,Electronics,3,228.96,686.88
785,2023-06-24,East,Electronics,12,28.39,340.68
644,2023-06-25,South,Electronics,11,131.0,1441.0
276,2023-06-26,North,Electronics,12,400.23,4802.76
282,2023-06-27,West,Furniture,2,320.15,640.3
729,2023-06-28,North,Electronics,10,288.95,2889.5
651,2023-06-28,South,Clothing,16,269.28,4308.48
444,2023-06-28,South,Clothing,10,464.94,4649.4
718,2023-06-29,North,Furniture,13,383.22,4981.86
284,2023-06-29,East,Groceries,16,375.84,6013.44
563,2023-06-29,South,Furniture,19,199.4,3788.6
235,2023-06-29,North,Furniture,2,112.37,224.74
203,2023-06-30,East,Furniture,15,71.86,1077.9
185,2023-06-30,East,Clothing,7,126.94,888.58
252,2023-06-30,South,Furniture,17,453.37,7707.29
183,2023-07-01,East,Electronics,6,134.05,804.3
55,2023-07-01,South,Electronics,16,472.18,7554.88
180,2023-07-02,East,Clothing,11,236.49,2601.39
406,2023-07-02,West,Electronics,19,443.12,8419.28
405,2023-07-02,East,Groceries,4,62.37,249.48
21,2023-07-02,North,Furniture,5,107.96,539.8
453,2023-07-02,North,Furniture,3,228.99,686.97
667,2023-07-03,East,Clothing,16,377.0,6032.0
159,2023-07-04,West,Clothing,1,451.93,451.93
420,2023-07-04,South,Furniture,14,189.99,2659.86
556,2023-07-04,South,Furniture,19,429.15,8153.85
629,2023-07-04,South,Furniture,5,24.18,120.9
115,2023-07-04,East,Clothing,2,154.15,308.3
445,2023-07-05,West,Furniture,9,490.6,4415.4
344,2023-07-07,West,Electronics,18,92.45,1664.1
608,2023-07-07,West,Groceries,9,224.11,2016.99
17,2023-07-07,North,Groceries,12,7.13,85.56
717,2023-07-08,South,Electronics,12,91.4,1096.8
549,2023-07-08,East,Groceries,11,386.19,4248.09
701,2023-07-09,East,Furniture,7,474.69,3322.83
366,2023-07-09,North,Clothing,11,42.13,463.43
712,2023-07-10,North,Electronics,15,43.98,659.7
449,2023-07-10,South,Groceries,6,77.64,465.84
679,2023-07-10,North,Furniture,4,430.87,1723.48
296,2023-07-10,North,Groceries,8,92.62,740.96
578,2023-07-11,West,Furniture,18,412.84,7431.12
11,2023-07-12,North,Groceries,11,130.25,1432.75
507,2023-07-13,South,Groceries,12,358.23,4298.76
488,2023-07-13,North,Clothing,2,177.69,355.38
747,2023-07-14,East,Furniture,13,431.96,5615.48
656,2023-07-14,North,Clothing,10,263.38,2633.8
351,2023-07-14,South,Groceries,5,476.2,2381.0
606,2023-07-15,North,Groceries,8,295.88,2367.04
648,2023-07-15,West,Electronics,15,315.34,4730.1
561,2023-07-15,North,Groceries,18,226.87,4083.66
539,2023-07-17,West,Clothing,18,383.55,6903.9
289,2023-07-17,East,Electronics,13,426.01,5538.13
789,2023-07-18,West,Groceries,2,375.3,750.6
305,2023-07-18,South,Furniture,2,305.25,610.5
295,2023-07-18,South,Electronics,18,161.6,2908.8
229,2023-07-19,East,Clothing,12,461.23,5534.76
57,2023-07-19,North,Groceries,16,116.22,1859.52
331,2023-07-19,South,Electronics,19,323.78,6151.82
29,2023-07-19,West,Furniture,15,101.77,1526.55
762,2023-07-21,South,Groceries,17,30.62,520.54
655,2023-07-21,East,Furniture,15,483.27,7249.05
330,2023-07-22,East,Groceries,9,222.39,2001.51
113,2023-07-22,South,Groceries,19,490.09,9311.71
755,2023-07-22,South,Furniture,2,215.99,431.98
34,2023-07-22,North,Groceries,6,346.75,2080.5
456,2023-07-22,North,Furniture,2,242.5,485.0
132,2023-07-22,East,Groceries,16,30.19,483.04
308,2023-07-22,West,Electronics,6,40.54,243.24
158,2023-07-23,East,Clothing,17,486.31,8267.27
134,2023-07-24,East,Groceries,4,132.52,530.08
79,2023-07-26,East,Groceries,2,438.96,877.92
131,2023-07-26,East,Groceries,18,472.85,8511.3
706,2023-07-26,North,Electronics,6,165.7,994.2
126,2023-07-26,West,Groceries,7,32.33,226.31
437,2023-07-27,North,Clothing,19,471.49,8958.31
116,2023-07-27,South,Groceries,16,386.25,6180.0
570,2023-07-28,East,Groceries,13,253.74,3298.62
708,2023-07-28,South,Electronics,8,218.42,1747.36
288,2023-07-28,West,Furniture,11,98.41,1082.51
129,2023-07-29,South,Furniture,2,20.29,40.58
535,2023-07-30,East,Furniture,16,254.59,4073.44
597,2023-07-31,East,Furniture,6,38.43,230.58
228,2023-07-31,South,Groceries,1,243.39,243.39
677,2023-07-31,South,Electronics,3,280.31,840.93
424,2023-08-01,East,Clothing,19,127.91,2430.29
266,2023-08-01,South,Furniture,11,430.69,4737.59
242,2023-08-02,West,Electronics,10,287.14,2871.4
260,2023-08-03,South,Clothing,4,135.12,540.48
786,2023-08-03,South,Groceries,19,382.31,7263.89
270,2023-08-04,North,Groceries,19,417.25,7927.75
548,2023-08-04,East,Groceries,10,497.16,4971.6
698,2023-08-04,West,Furniture,6,26.37,158.22
520,2023-08-05,South,Clothing,8,123.92,991.36
688,2023-08-05,North,Groceries,4,383.28,1533.12
468,2023-08-06,South,Groceries,3,485.71,1457.13
455,2023-08-06,East,Clothing,14,165.33,2314.62
531,2023-08-07,South,Clothing,4,105.05,420.2
720,2023-08-07,South,Groceries,17,460.03,7820.51
665,2023-08-07,West,Electronics,14,283.19,3964.66
394,2023-08-07,East,Clothing,11,40.27,442.97
494,2023-08-09,North,Electronics,18,110.85,1995.3
137,2023-08-09,North,Clothing,7,443.42,3103.94
625,2023-08-09,South,Furniture,8,449.7,3597.6
193,2023-08-10,North,Furniture,11,112.23,1234.53
490,2023-08-10,East,Electronics,4,235.92,11324.16
269,2023-08-12,South,Electronics,2,266.63,533.26
767,2023-08-12,West,Furniture,15,135.34,2030.1
702,2023-08-13,South,Electronics,3,379.47,1138.41
601,2023-08-13,West,Furniture,15,63.75,956.25
323,2023-08-13,South,Groceries,3,241.23,723.69
672,2023-08-13,East,Furniture,10,308.16,3081.6
675,2023-08-15,West,Electronics,12,435.18,5222.16
343,2023-08-15,West,Groceries,10,209.9,2099.0
240,2023-08-17,West,Clothing,17,368.07,6257.19
245,2023-08-18,East,Clothing,9,87.85,790.65
599,2023-08-18,North,Clothing,9,132.99,1196.91
85,2023-08-18,West,Furniture,7,63.33,443.31
40,2023-08-19,West,Furniture,2,366.26,732.52
192,2023-08-19,East,Groceries,8,157.29,1258.32
743,2023-08-20,North,Clothing,9,365.3,3287.7
475,2023-08-20,West,Clothing,8,198.0,1584.0
341,2023-08-20,West,Electronics,4,115.68,462.72
658,2023-08-20,South,Clothing,3,397.87,1193.61
130,2023-08-20,East,Electronics,11,201.24,2213.64
458,2023-08-20,East,Clothing,15,240.06,3600.9
673,2023-08-21,South,Furniture,5,378.51,1892.55
782,2023-08-21,North,Furniture,4,122.58,490.32
99,2023-08-21,North,Furniture,1,480.51,480.51
616,2023-08-22,West,Furniture,9,48.44,435.96
569,2023-08-23,West,Groceries,14,167.26,2341.64
600,2023-08-23,South,Electronics,13,333.15,4330.95
26,2023-08-24,North,Groceries,11,374.8,4122.8
771,2023-08-26,North,Electronics,12,233.8,2805.6
244,2023-08-26,South,Groceries,9,470.83,4237.47
502,2023-08-26,South,Clothing,16,69.72,1115.52
123,2023-08-27,South,Clothing,4,357.4,1429.6
3,2023-08-27,East,Groceries,15,340.47,5107.05
652,2023-08-27,North,Clothing,4,387.07,1548.28
316,2023-08-29,South,Clothing,9,105.38,948.42
730,2023-08-29,West,Electronics,16,251.51,4024.16
446,2023-08-30,West,Groceries,9,25.96,233.64
156,2023-08-30,East,Furniture,2,291.41,582.82
255,2023-08-30,North,Electronics,17,425.62,7235.54
372,2023-08-30,East,Groceries,1,484.88,484.88
162,2023-08-31,South,Furniture,7,88.72,621.04
479,2023-08-31,North,Furniture,17,154.19,2621.23
108,2023-08-31,North,Groceries,12,209.13,2509.56
237,2023-08-31,West,Groceries,7,5.28,36.96
311,2023-09-01,East,Electronics,2,10.45,20.9
122,2023-09-01,East,Clothing,1,113.98,113.98
283,2023-09-02,West,Electronics,8,207.12,1656.96
736,2023-09-02,North,Clothing,1,346.43,346.43
80,2023-09-02,East,Clothing,3,266.09,798.27
641,2023-09-02,West,Electronics,8,151.95,1215.6
312,2023-09-03,North,Groceries,1,93.41,93.41
711,2023-09-05,South,Furniture,11,497.53,5472.83
416,2023-09-05,North,Furniture,2,263.33,526.66
49,2023-09-05,West,Groceries,15,454.26,6813.9
257,2023-09-05,South,Furniture,2,115.85,231.7
550,2023-09-06,East,Groceries,10,51.17,511.7
191,2023-09-07,South,Clothing,2,383.69,767.38
98,2023-09-07,North,Electronics,17,398.64,6776.88
60,2023-09-07,West,Furniture,2,22.38,44.76
788,2023-09-08,North,Groceries,8,27.22,217.76
636,2023-09-08,North,Groceries,19,438.75,8336.25
615,2023-09-08,East,Electronics,10,461.57,4615.7
75,2023-09-08,East,Clothing,2,391.51,783.02
587,2023-09-09,East,Furniture,15,410.02,6150.3
666,2023-09-11,North,Electronics,11,67.65,744.15
422,2023-09-11,East,Clothing,16,58.79,940.64
175,2023-09-12,North,Groceries,15,321.04,4815.6
184,2023-09-12,East,Groceries,13,81.0,1053.0
8,2023-09-12,North,Clothing,14,135.98,1903.72
43,2023-09-13,West,Furniture,1,236.77,236.77
86,2023-09-13,East,Clothing,7,122.98,860.86
204,2023-09-13,West,Furniture,11,348.3,3831.3
223,2023-09-14,West,Furniture,2,266.69,533.38
110,2023-09-15,North,Electronics,3,145.61,436.83
541,2023-09-16,East,Clothing,14,448.27,6275.78
430,2023-09-19,South,Furniture,3,298.79,896.37
15,2023-09-19,West,Electronics,8,418.39,3347.12
212,2023-09-19,West,Clothing,18,223.28,4019.04
177,2023-09-19,North,Furniture,6,357.81,2146.86
774,2023-09-19,West,Furniture,7,129.17,904.19
395,2023-09-20,East,Groceries,2,240.28,480.56
236,2023-09-20,East,Electronics,1,52.12,52.12
793,2023-09-21,South,Clothing,13,182.81,2376.53
697,2023-09-21,East,Electronics,4,365.6,1462.4
727,2023-09-21,South,Furniture,16,108.44,1735.04
225,2023-09-21,West,Groceries,18,370.07,6661.26
174,2023-09-21,South,Furniture,8,441.68,3533.44
681,2023-09-22,North,Groceries,9,213.01,1917.09
461,2023-09-22,South,Groceries,4,472.98,1891.92
676,2023-09-22,South,Furniture,15,23.03,345.45
318,2023-09-23,East,Furniture,14,363.78,5092.92
713,2023-09-23,East,Clothing,2,195.42,390.84
731,2023-09-24,North,Electronics,7,292.32,2046.24
737,2023-09-24,North,Furniture,12,434.78,5217.36
317,2023-09-24,West,Furniture,9,331.69,2985.21
760,2023-09-24,West,Electronics,17,79.31,1348.27
13,2023-09-26,East,Clothing,18,387.07,6967.26
631,2023-09-26,South,Clothing,14,172.81,2419.34
215,2023-09-26,East,Groceries,2,415.73,831.46
662,2023-09-26,South,Groceries,6,493.42,2960.52
377,2023-09-26,South,Groceries,10,234.64,2346.4
557,2023-09-26,South,Furniture,2,53.45,106.9
603,2023-09-27,South,Electronics,18,447.89,8062.02
739,2023-09-27,East,Electronics,9,286.03,2574.27
471,2023-09-27,South,Electronics,6,430.47,2582.82
757,2023-09-27,West,Furniture,15,247.0,3705.0
432,2023-09-27,East,Electronics,16,259.99,4159.84
62,2023-09-29,West,Clothing,5,321.43,1607.15
59,2023-09-29,East,Groceries,10,202.6,2026.0
512,2023-09-30,South,Clothing,2,268.96,537.92
378,2023-09-30,North,Furniture,18,471.57,8488.26
391,2023-09-30,South,Clothing,18,48.76,877.68
463,2023-10-01,South,Electronics,16,254.51,4072.16
360,2023-10-01,South,Electronics,9,308.84,2779.56
493,2023-10-02,South,Groceries,7,288.12,2016.84
234,2023-10-04,South,Electronics,11,94.54,1039.94
42,2023-10-04,East,Electronics,1,53.41,53.41
247,2023-10-04,North,Furniture,11,166.49,1831.39
51,2023-10-05,West,Electronics,16,136.69,2187.04
14,2023-10-05,South,Clothing,12,192.27,2307.24
207,2023-10-06,West,Electronics,11,41.66,458.26
714,2023-10-06,South,Electronics,18,94.45,1700.1
742,2023-10-06,North,Furniture,8,39.22,313.76
423,2023-10-07,West,Clothing,3,11.82,35.46
489,2023-10-07,North,Furniture,3,359.79,1079.37
657,2023-10-07,West,Groceries,16,455.35,7285.6
128,2023-10-07,South,Clothing,19,433.22,8231.18
89,2023-10-08,North,Groceries,10,293.41,2934.1
320,2023-10-08,South,Clothing,4,476.81,1907.24
173,2023-10-09,South,Furniture,14,317.3,4442.2
370,2023-10-09,West,Electronics,19,257.37,4890.03
645,2023-10-09,North,Clothing,4,196.03,784.12
734,2023-10-10,North,Groceries,2,73.6,147.2
2,2023-10-10,South,Clothing,11,74.33,817.63
402,2023-10-11,South,Electronics,9,225.96,2033.64
766,2023-10-12,South,Electronics,8,344.18,2753.44
112,2023-10-12,North,Furniture,17,194.48,3306.16
50,2023-10-12,East,Groceries,4,402.35,1609.4
602,2023-10-12,North,Electronics,13,468.84,6094.92
107,2023-10-12,South,Groceries,9,51.43,462.87
598,2023-10-12,East,Groceries,7,258.56,1809.92
210,2023-10-12,East,Groceries,16,47.92,766.72
690,2023-10-13,East,Furniture,9,149.69,1347.21
25,2023-10-13,East,Clothing,7,200.64,1404.48
278,2023-10-13,North,Groceries,17,163.82,2784.94
476,2023-10-14,East,Furniture,10,267.71,2677.1
613,2023-10-14,South,Clothing,1,436.9,436.9
725,2023-10-14,East,Clothing,9,135.05,1215.45
16,2023-10-14,West,Electronics,10,110.47,1104.7
160,2023-10-14,South,Clothing,12,461.34,5536.08
213,2023-10-15,North,Clothing,4,372.74,1490.96
106,2023-10-15,East,Groceries,3,493.38,1480.14
249,2023-10-15,East,Clothing,18,209.07,3763.26
559,2023-10-17,North,Groceries,10,210.02,2100.2
261,2023-10-17,West,Clothing,9,293.31,2639.79
639,2023-10-17,South,Furniture,6,187.33,1123.98
692,2023-10-18,South,Furniture,8,355.55,2844.4
484,2023-10-18,West,Clothing,1,94.75,94.75
745,2023-10-18,North,Clothing,15,363.25,5448.75
105,2023-10-18,South,Groceries,1,239.6,239.6
135,2023-10-18,South,Groceries,16,433.97,6943.52
71,2023-10-18,South,Groceries,17,156.37,2658.29
716,2023-10-19,West,Electronics,10,147.3,1473.0
591,2023-10-20,South,Furniture,9,62.02,558.18
686,2023-10-20,West,Groceries,7,51.32,359.24
596,2023-10-20,East,Groceries,12,408.87,4906.44
551,2023-10-21,North,Furniture,1,329.83,329.83
92,2023-10-21,East,Groceries,6,457.01,2742.06
103,2023-10-21,North,Clothing,15,179.27,2689.05
654,2023-10-21,North,Clothing,7,295.82,2070.74
428,2023-10-21,West,Groceries,18,192.03,3456.54
472,2023-10-21,North,Clothing,19,226.88,4310.72
291,2023-10-22,East,Electronics,14,117.79,1649.06
336,2023-10-23,North,Electronics,3,55.88,167.64
227,2023-10-23,North,Electronics,19,260.27,4945.13
166,2023-10-25,East,Groceries,9,40.3,362.7
514,2023-10-26,West,Groceries,5,308.49,1542.45
741,2023-10-26,South,Furniture,10,89.31,893.1
149,2023-10-27,West,Groceries,9,240.69,2166.21
28,2023-10-28,West,Clothing,8,98.47,787.76
433,2023-10-29,West,Electronics,6,175.69,1054.14
794,2023-10-29,North,Electronics,4,10.41,41.64
524,2023-10-29,West,Clothing,11,100.51,1105.61
605,2023-10-29,North,Furniture,14,165.02,2310.28
302,2023-10-29,South,Clothing,16,15.75,252.0
334,2023-10-30,West,Groceries,5,406.21,2031.05
38,2023-10-30,North,Clothing,13,462.06,6006.78
553,2023-10-30,South,Groceries,18,386.24,6952.32
482,2023-10-30,East,Electronics,5,104.09,520.45
388,2023-10-31,East,Electronics,2,348.0,696.0
90,2023-10-31,South,Electronics,7,200.58,1404.06
545,2023-10-31,North,Furniture,16,157.69,2523.04
101,2023-10-31,North,Furniture,14,459.34,6430.76
84,2023-10-31,North,Groceries,7,147.49,1032.43
582,2023-11-01,South,Electronics,2,483.96,967.92
611,2023-11-01,North,Clothing,8,499.88,3999.04
589,2023-11-02,West,Furniture,18,135.41,2437.38
19,2023-11-03,East,Electronics,6,497.07,2982.42
513,2023-11-03,West,Groceries,9,93.07,837.63
459,2023-11-03,East,Furniture,14,69.81,977.34
93,2023-11-04,East,Clothing,18,127.13,2288.34
590,2023-11-04,West,Clothing,9,465.15,4186.35
775,2023-11-05,North,Clothing,19,185.7,3528.3
723,2023-11-05,North,Furniture,9,204.62,1841.58
361,2023-11-05,East,Groceries,3,309.29,927.87
477,2023-11-06,East,Furniture,13,488.38,6348.94
650,2023-11-06,North,Furniture,14,175.96,2463.44
560,2023-11-07,South,Furniture,10,26.02,260.2
297,2023-11-07,West,Clothing,3,329.66,988.98
780,2023-11-07,East,Clothing,4,348.46,1393.84
643,2023-11-08,West,Furniture,7,187.59,1313.13
146,2023-11-08,North,Groceries,8,319.6,2556.8
151,2023-11-09,North,Groceries,13,322.02,4186.26
125,2023-11-09,North,Clothing,2,250.32,500.64
232,2023-11-09,North,Groceries,13,481.29,6256.77
6,2023-11-10,West,Groceries,16,141.72,2267.52
610,2023-11-10,South,Electronics,16,56.55,904.8
37,2023-11-10,West,Electronics,13,204.66,2660.58
668,2023-11-11,South,Clothing,14,256.3,3588.2
427,2023-11-12,North,Clothing,7,406.1,2842.7
504,2023-11-13,West,Electronics,12,468.77,5625.24
492,2023-11-13,West,Furniture,11,427.05,4697.55
396,2023-11-16,East,Electronics,18,378.12,6806.16
558,2023-11-16,North,Clothing,10,141.58,1415.8
781,2023-11-17,South,Electronics,5,424.59,2122.95
517,2023-11-18,East,Groceries,12,135.96,1631.52
375,2023-11-20,North,Clothing,11,91.53,1006.83
35,2023-11-21,West,Furniture,9,491.58,4424.22
565,2023-11-21,East,Groceries,14,440.31,6164.34
362,2023-11-22,South,Groceries,9,211.54,1903.86
358,2023-11-22,West,Clothing,13,43.69,567.97
48,2023-11-22,North,Clothing,13,399.05,5187.65
389,2023-11-22,East,Electronics,1,493.72,493.72
364,2023-11-23,East,Groceries,1,81.02,81.02
579,2023-11-23,East,Clothing,6,132.08,792.48
95,2023-11-24,East,Electronics,8,340.6,2724.8
740,2023-11-24,East,Electronics,10,39.22,392.2
304,2023-11-24,North,Electronics,16,81.92,1310.72
179,2023-11-25,South,Furniture,19,176.3,3349.7
220,2023-11-26,North,Furniture,18,311.76,5611.68
592,2023-11-26,East,Furniture,13,284.11,3693.43
67,2023-11-27,West,Groceries,6,424.95,2549.7
345,2023-11-27,South,Furniture,4,413.09,1652.36
202,2023-11-28,East,Furniture,5,313.66,1568.3
529,2023-12-01,East,Electronics,4,49.42,197.68
153,2023-12-01,East,Clothing,5,444.59,2222.95
642,2023-12-01,East,Clothing,6,35.01,210.06
324,2023-12-01,North,Furniture,8,183.03,1464.24
715,2023-12-02,North,Electronics,7,179.3,1255.1
669,2023-12-02,West,Electronics,3,363.1,1089.3
733,2023-12-03,West,Furniture,15,414.25,6213.75
61,2023-12-03,West,Clothing,7,85.16,596.12
530,2023-12-03,South,Furniture,13,17.48,227.24
527,2023-12-04,East,Furniture,12,172.81,2073.72
586,2023-12-04,North,Furniture,13,89.14,1158.82
452,2023-12-04,South,Furniture,8,13.03,104.24
264,2023-12-04,East,Furniture,10,265.75,2657.5
577,2023-12-04,West,Electronics,10,209.64,2096.4
499,2023-12-05,East,Groceries,16,66.35,1061.6
438,2023-12-05,North,Electronics,18,16.02,288.36
421,2023-12-05,East,Furniture,11,327.41,3601.51
24,2023-12-05,East,Electronics,16,49.08,785.28
693,2023-12-06,North,Electronics,14,307.21,4300.94
722,2023-12-06,East,Electronics,19,38.15,724.85
470,2023-12-07,North,Furniture,4,254.75,1019.0
491,2023-12-07,North,Groceries,3,183.84,551.52
382,2023-12-08,West,Clothing,18,192.21,3459.78
409,2023-12-08,South,Groceries,16,80.58,1289.28
680,2023-12-08,South,Clothing,9,325.96,2933.64
764,2023-12-08,West,Electronics,6,443.74,2662.44
754,2023-12-08,East,Furniture,16,276.4,4422.4
348,2023-12-08,West,Groceries,16,465.14,7442.24
319,2023-12-09,East,Furniture,12,301.72,3620.64
181,2023-12-09,East,Electronics,8,89.01,712.08
286,2023-12-09,West,Electronics,10,168.69,1686.9
81,2023-12-10,North,Groceries,13,373.66,4857.58
694,2023-12-12,South,Clothing,5,157.28,786.4
383,2023-12-12,East,Electronics,15,426.6,6399.0
571,2023-12-13,West,Electronics,12,211.78,2541.36
763,2023-12-13,North,Groceries,4,241.44,965.76
640,2023-12-13,West,Groceries,4,270.9,1083.6
340,2023-12-14,East,Electronics,7,26.06,182.42
671,2023-12-14,West,Furniture,9,316.33,2846.97
776,2023-12-14,South,Groceries,11,79.22,871.42
448,2023-12-15,South,Clothing,8,275.76,2206.08
293,2023-12-15,West,Groceries,18,279.22,5025.96
274,2023-12-16,East,Groceries,4,492.6,1970.4
684,2023-12-16,North,Groceries,5,353.37,1766.85
649,2023-12-17,East,Electronics,4,197.14,788.56
195,2023-12-17,East,Furniture,6,455.35,2732.1
515,2023-12-17,West,Clothing,8,11.99,95.92
451,2023-12-17,North,Electronics,4,493.89,1975.56
751,2023-12-17,South,Clothing,14,32.86,460.04
683,2023-12-17,South,Furniture,6,172.82,1036.92
503,2023-12-18,East,Electronics,17,404.44,6875.48
337,2023-12-18,East,Furniture,11,240.14,2641.54
200,2023-12-18,East,Clothing,8,312.82,2502.56
609,2023-12-19,North,Electronics,12,82.36,988.32
466,2023-12-19,North,Clothing,1,465.4,465.4
797,2023-12-20,East,Groceries,5,132.52,662.6
417,2023-12-20,East,Furniture,13,143.42,1864.46
208,2023-12-20,East,Furniture,5,226.19,1130.95
355,2023-12-20,South,Groceries,19,453.42,8614.98
64,2023-12-20,West,Clothing,12,109.41,1312.92
404,2023-12-21,West,Furniture,2,327.14,654.28
46,2023-12-21,North,Furniture,17,234.59,3988.03
441,2023-12-22,East,Furniture,9,145.98,1313.82
325,2023-12-22,West,Furniture,16,116.09,1857.44
12,2023-12-23,West,Electronics,1,389.02,389.02
594,2023-12-24,East,Electronics,17,34.13,580.21
141,2023-12-25,East,Furniture,6,126.62,759.72
555,2023-12-26,North,Clothing,6,303.19,1819.14
772,2023-12-27,South,Groceries,18,166.81,3002.58
347,2023-12-28,East,Electronics,5,104.67,523.35
265,2023-12-28,West,Groceries,5,321.32,1606.6
145,2023-12-29,North,Electronics,16,356.46,5703.36
356,2023-12-29,East,Furniture,17,485.5,8253.5
691,2023-12-30,South,Furniture,7,486.17,3403.19
161,2023-12-30,North,Furniture,11,169.42,1863.62
511,2023-12-30,East,Furniture,3,261.99,785.97
401,2023-12-31,West,Groceries,16,422.15,6754.4
